<?xml version="1.0" encoding="UTF-8" standalone="yes"?>
<addon id="plugin.video.ReelHouseTV"
       name="ReelHouseTV"
       version="1.0.1"
       provider-name="ReelHouseTV">
  <requires>
    <import addon="xbmc.python" version="2.1.0"/>
	<import addon="script.module.t0mm0.common" version="2.0.0"/>
    <import addon="script.module.beautifulsoup" version="3.2.1"/>
    <import addon="script.module.simple.downloader" version="0.9.4"/>
    <import addon="script.module.beautifulsoup4" />
    <import addon="script.module.simple.downloader" version="0.9.4"/>
    <import addon="script.module.requests" />
    <import addon="script.module.httplib2" />
    <import addon="script.module.youtube.dl" optional="true"/>
    <import addon="plugin.video.youtube" version="3.0.0"/>
    <import addon="script.module.urlresolver" optional="true"/>
    <import addon="script.module.simplejson" /> 
    <import addon="script.common.plugin.cache" version="2.5.2"/>
    <import addon="script.module.metahandler" version="2.5.1"/>

  </requires>
  <extension point="xbmc.python.pluginsource" library="default.py">
    <provides>video</provides>
  </extension>
  <extension point="xbmc.addon.metadata">
    <summary lang="en">Truly Global House Music</summary>
    <description lang="en">Real Music Real Dj's - www.reelhousetv.com - Bringing the love of electronic music to kodi with this addon. Plugin allows viewing of the live stream/playlisted/On Demand content from the Reelhouse network.Install, navigate the content and set which ever as your favourite for later viewing. The content on Reelhousetv is provided by a truly global network of dj/presenters be it pro/semi pro they like to keep it dialed...... Live, Love, Dance</description>
    <platform>all</platform>
  </extension>
</addon>
